,公司代號,公司名稱,實收資本額
0,1101,台灣水泥股份有限公司,61574403270
1,1102,亞洲水泥股份有限公司,33673794600
2,1103,嘉新水泥股份有限公司,7747805480
3,1104,環球水泥股份有限公司,6536091920
4,1108,幸福水泥股份有限公司,4047380490
5,1109,信大水泥股份有限公司,3419578680
6,1110,東南水泥股份有限公司,5720007970
7,1201,味全食品工業股份有限公司,5060629140
8,1203,味王股份有限公司,2400000000
9,1210,大成長城企業股份有限公司,8273390860
10,1213,大西洋飲料股份有限公司,566226270
11,1215,台灣卜蜂企業股份有限公司,2679909980
12,1216,統一企業股份有限公司,56820154210
13,1217,愛之味股份有限公司,4945133360
14,1218,泰山企業股份有限公司,4999990380
15,1219,福壽實業股份有限公司,3220138870
16,1220,台榮產業股份有限公司,1770779440
17,1225,福懋油脂股份有限公司,2187030510
18,1227,佳格食品股份有限公司,9150895910
19,1229,聯華實業投資控股股份有限公司,12814982150
20,1231,聯華食品工業股份有限公司,1833251650
21,1232,大統益股份有限公司,1599749150
22,1233,天仁茶業股份有限公司,905919480
23,1234,黑松股份有限公司,4018710940
24,1235,興泰實業股份有限公司,1043979850
25,1236,宏亞食品股份有限公司,1083425100
26,1256,鮮活控股股份有限公司,338421600
27,1301,台灣塑膠工業股份有限公司,63657407810
28,1303,南亞塑膠工業股份有限公司,79308215890
29,1304,台灣聚合化學品股份有限公司,11887635000
30,1305,華夏海灣塑膠股份有限公司,5533814230
31,1307,三芳化學工業股份有限公司,3978181260
32,1308,亞洲聚合股份有限公司,5821018820
33,1309,台達化學工業股份有限公司,3442310380
34,1310,台灣苯乙烯工業股份有限公司,5278697640
35,1312,國喬石油化學股份有限公司,9266203280
36,1313,聯成化學科技股份有限公司,13323476070
37,1314,中國石油化學工業開發(股)公司,32848501300
38,1315,達新工業股份有限公司,1386000000
39,1316,上曜建設開發股份有限公司,1798456260
40,1319,東陽實業廠股份有限公司,5914770680
41,1321,大洋塑膠工業股份有限公司,2272282680
42,1323,永裕塑膠工業股份有限公司,912745540
43,1324,地球綜合工業股份有限公司,751218820
44,1325,恒大股份有限公司,852811980
45,1326,台灣化學纖維股份有限公司,58611862910
46,1337,亞洲塑膠再生資源控股有限公司,2689547290
47,1338,廣華控股有限公司,838400000
48,1339,昭輝實業股份有限公司,741388750
49,1340,勝悅新材料有限公司,1529228550
50,1341,富林塑膠工業(開曼)控股(股)公司,494000000
51,1342,八貫企業股份有限公司,678453630
52,1402,遠東新世紀股份有限公司,53528752270
53,1409,新光合成纖維股份有限公司,16184092910
54,1410,南洋染整股份有限公司,630000000
55,1413,宏洲纖維工業股份有限公司,1321124540
56,1414,東和紡織股份有限公司,2200000000
57,1416,廣豐實業股份有限公司,1853421680
58,1417,嘉裕股份有限公司,1899418400
59,1418,東華合纖股份有限公司,568343090
60,1419,新光紡織股份有限公司,3000412800
61,1423,利華羊毛工業股份有限公司,1384000000
62,1432,大魯閣實業股份有限公司,750000000
63,1434,福懋興業股份有限公司,16846646370
64,1435,中福國際(股)公司,1397800800
65,1436,華友聯開發股份有限公司(原福益),956340000
66,1437,勤益投資控股股份有限公司,2033712840
67,1438,三地開發地產股份有限公司,512057590
68,1439,中和羊毛工業股份有限公司,920000000
69,1440,臺南紡織股份有限公司,16568158570
70,1441,大東紡織股份有限公司,1008000000
71,1442,名軒開發股份有限公司,3662113580
72,1443,立益紡織股份有限公司,1353430110
73,1444,力麗企業股份有限公司,9573029420
74,1445,大宇紡織股份有限公司,1306660340
75,1446,宏和精密紡織股份有限公司,1377095130
76,1447,力鵬企業股份有限公司,9144872420
77,1449,佳和實業股份有限公司,880825000
78,1451,年興紡織股份有限公司,1980000000
79,1452,宏益纖維工業股份有限公司,1326414000
80,1453,大將開發股份有限公司,1006149800
81,1454,台灣富綢纖維股份有限公司,1298338480
82,1455,集盛實業股份有限公司,5316883800
83,1456,怡華實業股份有限公司,937200000
84,1457,宜進實業股份有限公司,3016476400
85,1459,聯發紡織纖維股份有限公司,3586289070
86,1460,宏遠興業股份有限公司,3946434840
87,1463,強盛染整股份有限公司,1732683810
88,1464,得力實業股份有限公司,3845656520
89,1465,偉全實業股份有限公司,1036072670
90,1466,聚隆纖維股份有限公司,1111573200
91,1467,南緯實業股份有限公司,2336246670
92,1468,昶和纖維興業股份有限公司,1604052440
93,1470,大統新創股份有限公司,857670000
94,1471,首利實業股份有限公司,1504145360
95,1472,三洋紡織纖維股份有限公司,860528510
96,1473,台南企業股份有限公司,1471535340
97,1474,弘裕企業股份有限公司,1298969690
98,1475,台灣業旺股份有限公司,660167490
99,1476,儒鴻企業股份有限公司,2743671110
100,1477,聚陽實業股份有限公司,2418565810
101,1503,士林電機廠股份有限公司,5209722230
102,1504,東元電機股份有限公司,21387966160
103,1506,正道工業股份有限公司,1631617510
104,1507,永大機電工業股份有限公司,4108200000
105,1512,瑞利企業股份有限公司,2367024940
106,1513,中興電工機械股份有限公司,4761343100
107,1514,亞力電機股份有限公司,2174539740
108,1515,力山工業股份有限公司,1814735000
109,1516,川飛能源股份有限公司,343947940
110,1517,利奇機械工業股份有限公司,2278250070
111,1519,華城電機股份有限公司,2610585480
112,1521,大億交通工業製造股份有限公司,762300000
113,1522,堤維西交通工業股份有限公司,3128978810
114,1524,耿鼎企業股份有限公司,1653103970
115,1525,江申工業股份有限公司,734001350
116,1526,日馳企業股份有限公司,600000000
117,1527,鑽全實業股份有限公司,1385706400
118,1528,恩德科技股份有限公司,1993310000
119,1529,樂士股份有限公司,959679820
120,1530,亞崴機電股份有限公司,965941710
121,1531,高林股份有限公司,1836080800
122,1532,勤美股份有限公司,3761221120
123,1533,車王電子股份有限公司,985474860
124,1535,中宇環保工程股份有限公司,1237425520
125,1536,和大工業股份有限公司,2795175130
126,1537,廣隆光電科技股份有限公司,820663940
127,1538,正峰工業股份有限公司,264105510
128,1539,巨庭機械股份有限公司,653700000
129,1540,喬福機械工業股份有限公司,854736120
130,1541,錩泰工業股份有限公司,788000000
131,1558,伸興工業股份有限公司,605356310
132,1560,中國砂輪企業股份有限公司,1414690000
133,1568,倉佑實業股份有限公司,1030865590
134,1582,信錦企業股份有限公司,1237241710
135,1583,程泰機械股份有限公司,1104003720
136,1587,吉茂精密股份有限公司,653566180
137,1589,永冠能源科技集團有限公司,1106175190
138,1590,亞德客國際集團,1890249980
139,1592,英瑞國際股份有限公司,1109782500
140,1597,直得科技股份有限公司,811875490
141,1598,岱宇國際股份有限公司,1334442540
142,1603,中華電線電纜股份有限公司,1916880000
143,1604,聲寶股份有限公司,3872000000
144,1605,華新麗華股份有限公司,34313329480
145,1608,華榮電線電纜股份有限公司,6327735060
146,1609,大亞電線電纜股份有限公司,5950680220
147,1611,中國電器股份有限公司,3227357420
148,1612,宏泰電工股份有限公司,3160800630
149,1614,台灣三洋電機股份有限公司,2691134060
150,1615,大山電線電纜股份有限公司,1230479620
151,1616,億泰電線電纜股份有限公司,1941485150
152,1617,榮星電線工業股份有限公司,1442332350
153,1618,合機電線電纜股份有限公司,2408646840
154,1626,艾美特(開曼)國際有限公司,1407654060
155,1701,中國化學製藥股份有限公司,2980810800
156,1702,南僑投資控股股份有限公司,2941329620
157,1707,葡萄王生技股份有限公司,1481373730
158,1708,東鹼股份有限公司,2284418810
159,1709,和益化學工業股份有限公司,4770162720
160,1710,東聯化學股份有限公司,8857030290
161,1711,臺灣永光化學工業股份有限公司,5477522260
162,1712,興農股份有限公司,4204925850
163,1713,國泰化工廠股份有限公司,1509517000
164,1714,和桐化學股份有限公司,10168248080
165,1717,長興材料工業股份有限公司,12402794550
166,1718,中國人造纖維股份有限公司,16213672170
167,1720,生達化學製藥股份有限公司,1786960890
168,1721,三晃股份有限公司,1889952420
169,1722,台灣肥料股份有限公司,9800000000
170,1723,中鋼碳素化學股份有限公司,2369044800
171,1724,台硝股份有限公司,1278139000
172,1725,元禎企業股份有限公司,1818299780
173,1726,永記造漆工業股份有限公司,1620000000
174,1727,臺灣中華化學工業股份有限公司,1082500000
175,1730,花仙子企業股份有限公司,632338510
176,1731,美吾華股份有限公司,1329152440
177,1732,毛寶股份有限公司,424439570
178,1733,五鼎生物技術股份有限公司,999501920
179,1734,杏輝藥品工業股份有限公司,1677220220
180,1735,日勝化工股份有限公司,993880000
181,1736,喬山健康科技股份有限公司,3036166170
182,1737,臺鹽實業股份有限公司,2000000000
183,1760,寶齡富錦生技股份有限公司,767390130
184,1762,中化合成生技股份有限公司,775600000
185,1773,勝一化工股份有限公司,1800000000
186,1776,展宇科技材料股份有限公司,703469990
187,1783,和康生物科技股份有限公司,694650000
188,1786,科妍生物科技股份有限公司,610050000
189,1789,台灣神隆股份有限公司,7907392220
190,1795,美時化學製藥股份有限公司,2628713120
191,1802,台灣玻璃工業股份有限公司,29080608000
192,1805,寶徠建設股份有限公司,1002654000
193,1806,冠軍建材股份有限公司,4337820780
194,1808,潤隆建設股份有限公司,3699966370
195,1809,中國製釉股份有限公司,1670419370
196,1810,和成欣業股份有限公司,3698536100
197,1817,凱撒衛浴股份有限公司,726000000
198,1903,士林紙業股份有限公司,2600391210
199,1904,正隆股份有限公司,11082745220
200,1905,中華紙漿股份有限公司,11028353160
201,1906,寶隆國際股份有限公司,1510000000
202,1907,永豐餘投資控股股份有限公司,16603714950
203,1909,榮成紙業股份有限公司,12776857270
204,2002,中國鋼鐵股份有限公司,157731289960
205,2006,東和鋼鐵企業股份有限公司,10898713700
206,2007,燁興企業股份有限公司,5306516130
207,2008,高興昌鋼鐵股份有限公司,2008522930
208,2009,第一伸銅科技股份有限公司,3596221650
209,2010,春源鋼鐵工業股份有限公司,6476553900
210,2012,春雨工廠股份有限公司,2877740000
211,2013,中國鋼鐵結構股份有限公司,2000000000
212,2014,中鴻鋼鐵股份有限公司,14355444460
213,2015,豐興鋼鐵股份有限公司,5815994240
214,2017,官田鋼鐵股份有限公司,3418674620
215,2020,美亞鋼管廠股份有限公司,2225261000
216,2022,聚亨企業股份有限公司,4797519760
217,2023,燁輝企業股份有限公司,18905695180
218,2024,志聯工業股份有限公司,975000000
219,2025,千興不銹鋼(股)公司,2811672620
220,2027,大成不銹鋼工業股份有限公司,16584658530
221,2028,威致鋼鐵工業股份有限公司,3257148000
222,2029,盛餘股份有限公司,3211800000
223,2030,彰源企業股份有限公司,2805260270
224,2031,新光鋼鐵股份有限公司,3082861070
225,2032,新鋼工業股份有限公司,1305215450
226,2033,佳大世界股份有限公司,806945360
227,2034,允強實業股份有限公司,4371307430
228,2038,海光企業股份有限公司,1812645220
229,2049,上銀科技股份有限公司,3308662520
230,2059,川湖科技股份有限公司,952970720
231,2062,橋椿金屬股份有限公司,1630141520
232,2069,運錩鋼鐵股份有限公司,1563868360
233,2101,南港輪胎股份有限公司,8339349040
234,2102,泰豐輪胎股份有限公司,4733292070
235,2103,台橡股份有限公司,8257099780
236,2104,國際中橡投資控股股份有限公司,9847336250
237,2105,正新橡膠工業股份有限公司,32414155360
238,2106,建大工業股份有限公司,9094100000
239,2107,厚生股份有限公司,3423260000
240,2108,南帝化學工業股份有限公司,4924166590
241,2109,華豐橡膠工業股份有限公司,2793491340
242,2114,鑫永銓股份有限公司,709015520
243,2115,六暉控股股份有限公司,903663750
244,2201,裕隆汽車製造股份有限公司,10000000000
245,2204,中華汽車工業股份有限公司,5536203420
246,2206,三陽工業股份有限公司,8030776040
247,2207,和泰汽車股份有限公司,5461791840
248,2208,台灣國際造船股份有限公司,9230554930
249,2211,長榮鋼鐵股份有限公司,4199819630
250,2227,裕隆日產汽車股份有限公司,3000000000
251,2228,劍麟股份有限公司,757802810
252,2231,為升電裝工業股份有限公司,1219166650
253,2233,宇隆科技股份有限公司,602880890
254,2236,百達精密工業股份有限公司,457597030
255,2239,開曼英利工業股份有限公司,1180070000
256,2241,艾姆勒車電股份有限公司,896023060
257,2243,宏旭控股股份有限公司,456685290
258,2247,汎德永業汽車股份有限公司,807087350
259,2250,第一化成控股(開曼)股份有限公司,270000000
260,2301,光寶科技股份有限公司,23508670320
261,2302,麗正國際科技股份有限公司,1663028810
262,2303,聯華電子股份有限公司,124232694930
263,2305,全友電腦股份有限公司,2056608270
264,2308,台達電子工業股份有限公司,25975433290
265,2312,金寶電子工業股份有限公司,14685182110
266,2313,華通電腦股份有限公司,11918205890
267,2314,台揚科技股份有限公司,2280283200
268,2316,楠梓電子股份有限公司,1827405360
269,2317,鴻海精密工業股份有限公司,138629906090
270,2321,東訊股份有限公司,945997770
271,2323,中環股份有限公司,11588812000
272,2324,仁寶電腦工業股份有限公司,44071466250
273,2327,國巨股份有限公司,4988838570
274,2328,廣宇科技股份有限公司,5183462820
275,2329,華泰電子股份有限公司,5568610330
276,2330,台灣積體電路製造股份有限公司,259303804580
277,2331,精英電腦股份有限公司,5574029680
278,2332,友訊科技股份有限公司,6519961660
279,2337,旺宏電子股份有限公司,18561270020
280,2338,台灣光罩股份有限公司,2527136110
281,2340,光磊科技股份有限公司,3786228460
282,2342,台灣茂矽電子股份有限公司,1561651440
283,2344,華邦電子股份有限公司,39800001930
284,2345,智邦科技股份有限公司,5594673970
285,2347,聯強國際股份有限公司,16679469680
286,2348,海悅國際開發股份有限公司,967835680
287,2349,錸德科技股份有限公司,6936796630
288,2351,順德工業股份有限公司,1821402490
289,2352,佳世達科技股份有限公司,19667819580
290,2353,宏碁股份有限公司,30478538280
291,2354,鴻準精密工業股份有限公司,14144851920
292,2355,敬鵬工業股份有限公司,3974954200
293,2356,英業達股份有限公司,35874750660
294,2357,華碩電腦股份有限公司,7427602800
295,2358,廷鑫興業股份有限公司,1246161720
296,2359,所羅門股份有限公司,1714710520
297,2360,致茂電子股份有限公司,4216315370
298,2362,藍天電腦股份有限公司,6497630000
299,2363,矽統科技股份有限公司,6309674730
300,2364,倫飛電腦實業股份有限公司,1959324330
301,2365,昆盈企業股份有限公司,2245284960
302,2367,燿華電子股份有限公司,6194071750
303,2368,金像電子(股)公司,5464878410
304,2369,菱生精密工業股份有限公司,3801023440
305,2371,大同股份有限公司,23395366850
306,2373,震旦行股份有限公司,2362025180
307,2374,佳能企業股份有限公司,2823628120
308,2375,凱美電機股份有限公司,1358441680
309,2376,技嘉科技股份有限公司,6356888860
310,2377,微星科技股份有限公司,8448561990
311,2379,瑞昱半導體股份有限公司,5106848750
312,2380,虹光精密工業股份有限公司,1794440840
313,2382,廣達電腦股份有限公司,38626274320
314,2383,台光電子材料股份有限公司,3329182990
315,2385,群光電子股份有限公司,7452927490
316,2387,精元電腦股份有限公司,1962979520
317,2388,威盛電子股份有限公司,4943959410
318,2390,云辰電子開發股份有限公司,2140216020
319,2392,正崴精密工業股份有限公司,5123269400
320,2393,億光電子工業股份有限公司,4433930860
321,2395,研華股份有限公司,7726405110
322,2397,友通資訊股份有限公司,1146888570
323,2399,映泰股份有限公司,1781000000
324,2401,凌陽科技股份有限公司,5919949190
325,2402,毅嘉科技股份有限公司,3075365330
326,2404,漢唐集成股份有限公司,1905866980
327,2405,浩鑫股份有限公司,3434273030
328,2406,國碩科技工業股份有限公司,2859056890
329,2408,南亞科技股份有限公司,30970118940
330,2409,友達光電股份有限公司,96242451150
331,2412,中華電信股份有限公司,77574465450
332,2413,環隆科技股份有限公司,1273592000
333,2414,精技電腦股份有限公司,1617358460
334,2415,錩新科技股份有限公司,800000000
335,2417,圓剛科技股份有限公司,1928923300
336,2419,仲琦科技股份有限公司,3289862290
337,2420,新巨企業股份有限公司,1526486880
338,2421,建準電機工業股份有限公司,2509297320
339,2423,固緯電子實業股份有限公司,1450472890
340,2424,隴華電子股份有限公司,270250000
341,2425,承啟科技股份有限公司,1014988310
342,2426,鼎元光電科技股份有限公司,3006222520
343,2427,三商電腦股份有限公司,1843144630
344,2428,興勤電子工業股份有限公司,1281127260
345,2429,銘旺科技股份有限公司,397482000
346,2430,燦坤實業股份有限公司,1664688250
347,2431,聯昌電子企業股份有限公司,1109270140
348,2433,互盛股份有限公司,1444960110
349,2434,統懋半導體股份有限公司,370000000
350,2436,偉詮電子股份有限公司,1780099610
351,2438,翔耀實業股份有限公司,601956410
352,2439,美律實業股份有限公司,2096936420
353,2440,太空梭高傳真資訊科技(股)公司,1391172710
354,2441,超豐電子股份有限公司,5688459210
355,2442,新美齊股份有限公司,2399693510
356,2443,億麗科技股份有限公司,1456870000
357,2444,兆勁科技股份有限公司,1055575730
358,2449,京元電子股份有限公司,12227450650
359,2450,神腦國際企業股份有限公司,2582526570
360,2451,創見資訊股份有限公司,4290616750
361,2453,凌群電腦股份有限公司,1000000000
362,2454,聯發科技股份有限公司,15903357880
363,2455,全新光電科技股份有限公司,1849059180
364,2456,奇力新電子股份有限公司,2634531930
365,2457,飛宏科技股份有限公司,3376884160
366,2458,義隆電子股份有限公司,3038803920
367,2459,敦吉科技股份有限公司,1055956150
368,2460,建通精密工業股份有限公司,1692000000
369,2461,光群雷射科技股份有限公司,1593246310
370,2462,台灣良得電子股份有限公司,1419345960
371,2464,盟立自動化股份有限公司,1955312260
372,2465,麗臺科技股份有限公司,535873010
373,2466,冠西電子企業股份有限公司,1563342260
374,2467,志聖工業股份有限公司,1492055480
375,2468,華經資訊企業股份有限公司,699612490
376,2471,資通電腦股份有限公司,472538900
377,2472,立隆電子工業股份有限公司,1594201700
378,2474,可成科技股份有限公司,7616180690
379,2476,鉅祥企業股份有限公司,1849682980
380,2477,美隆工業股份有限公司,1982165550
381,2478,大毅科技股份有限公司,1447376390
382,2480,敦陽科技股份有限公司,1063602910
383,2481,強茂股份有限公司,3328149270
384,2482,連宇股份有限公司,620725490
385,2483,百容電子股份有限公司,1090938070
386,2484,希華晶體科技股份有限公司,1594210220
387,2485,兆赫電子股份有限公司,3176890370
388,2486,一詮精密工業股份有限公司,2019585790
389,2488,漢平電子工業股份有限公司,799994330
390,2489,瑞軒科技股份有限公司,8093620450
391,2491,吉祥全球實業股份有限公司,820080000
392,2492,華新科技股份有限公司,4858042990
393,2493,揚博科技股份有限公司,1144373900
394,2495,普安科技股份有限公司,2735515380
395,2496,卓越成功股份有限公司,191854400
396,2497,怡利電子工業股份有限公司,1187984630
397,2498,宏達國際電子股份有限公司,8186443850
398,2501,國泰建設股份有限公司,11595610590
399,2504,國產建材實業股份有限公司,11800000000
400,2505,國揚實業股份有限公司,3800000000
401,2506,太平洋建設股份有限公司,3870000000
402,2509,全坤建設開發股份有限公司,2245505300
403,2511,太子建設開發股份有限公司,16233261470
404,2514,龍邦國際興業股份有限公司,3947292780
405,2515,中華工程股份有限公司,15308998220
406,2516,新亞建設開發股份有限公司,2262784570
407,2520,冠德建設股份有限公司,5037910000
408,2524,京城建設股份有限公司,3711930980
409,2527,宏璟建設股份有限公司,2703060000
410,2528,皇普建設股份有限公司,3299974090
411,2530,大華建設股份有限公司,5207524660
412,2534,宏盛建設股份有限公司,4742279700
413,2535,達欣工程股份有限公司,3370377270
414,2536,宏普建設股份有限公司,3328086520
415,2537,聯上開發股份有限公司,3005577950
416,2538,基泰建設股份有限公司,4384487640
417,2539,櫻花建設股份有限公司,5596090310
418,2540,愛山林建設開發股份有限公司,1466000000
419,2542,興富發建設股份有限公司,12909636170
420,2543,皇昌營造股份有限公司,2419837880
421,2545,皇翔建設股份有限公司,3277348080
422,2546,根基營造股份有限公司,1060356600
423,2547,日勝生活科技股份有限公司,9000946490
424,2548,華固建設股份有限公司,2768127260
425,2597,潤弘精密工程事業股份有限公司,1350000000
426,2601,益航股份有限公司,7459680080
427,2603,長榮海運股份有限公司,52709359710
428,2605,新興航運股份有限公司,5853532970
429,2606,裕民航運股份有限公司,8450557120
430,2607,長榮國際儲運股份有限公司,10671410940
431,2608,嘉里大榮物流股份有限公司,4670004980
432,2609,陽明海運股份有限公司,33321042700
433,2610,中華航空股份有限公司,54209925860
434,2611,志信國際股份有限公司,1718202470
435,2612,中國航運股份有限公司,1974845930
436,2613,中國貨櫃運輸股份有限公司,1484234580
437,2614,東森國際股份有限公司,5567898890
438,2615,萬海航運股份有限公司,22182974660
439,2616,山隆通運股份有限公司,1372818270
440,2617,台灣航業股份有限公司,4172944870
441,2618,長榮航空股份有限公司,50302208750
442,2630,亞洲航空股份有限公司,1311710400
443,2633,台灣高速鐵路股份有限公司,56282930580
444,2634,漢翔航空工業股份有限公司,9418671010
445,2636,台驊國際投資控股股份有限公司,1272358820
446,2637,慧洋海運股份有限公司,7464091990
447,2642,台灣宅配通股份有限公司,954670000
448,2701,萬華企業股份有限公司,4499678380
449,2702,華園飯店股份有限公司,1104855380
450,2704,國賓大飯店股份有限公司,3669233430
451,2705,六福開發股份有限公司,1913128300
452,2706,第一華僑大飯店股份有限公司,4999983460
453,2707,晶華國際酒店股份有限公司,1274019720
454,2712,遠雄悅來大飯店股份有限公司,1050000000
455,2722,夏都國際開發股份有限公司,1115229610
456,2723,開曼美食達人股份有限公司,1800000000
457,2727,王品餐飲股份有限公司,769878830
458,2731,雄獅旅行社股份有限公司,722124270
459,2739,寒舍餐旅管理顧問股份有限公司,1115260000
460,2748,雲品國際酒店股份有限公司,754825500
461,2801,彰化商業銀行股份有限公司,103847236060
462,2809,京城商業銀行股份有限公司,11212342650
463,2812,台中商業銀行股份有限公司,41516943130
464,2816,旺旺友聯產物保險股份有限公司,2236080000
465,2820,中華票券金融股份有限公司,13429600000
466,2823,中國人壽保險股份有限公司,47313972420
467,2832,台灣產物保險股份有限公司,3622004000
468,2834,臺灣中小企業銀行股份有限公司,74885834570
469,2836,高雄銀行股份有限公司,11695577270
470,2838,聯邦商業銀行股份有限公司,32933688060
471,2841,台灣土地開發股份有限公司,7609436000
472,2845,遠東國際商業銀行股份有限公司,34481044410
473,2849,安泰商業銀行股份有限公司,19579100500
474,2850,新光產物保險股份有限公司,3159633000
475,2851,中央再保險股份有限公司,5903887500
476,2852,第一產物保險股份有限公司,3011637840
477,2855,統一綜合證券股份有限公司,13998378290
478,2867,三商美邦人壽保險股份有限公司,25019714710
479,2880,華南金融控股股份有限公司,128547788100
480,2881,富邦金融控股股份有限公司,115002639950
481,2882,國泰金融控股股份有限公司,147025101280
482,2883,中華開發金融控股股份有限公司,149736024240
483,2884,玉山金融控股股份有限公司,125671000000
484,2885,元大金融控股股份有限公司,121374359140
485,2886,兆豐金融控股股份有限公司,135998239830
486,2887,台新金融控股股份有限公司,117136171700
487,2888,新光金融控股股份有限公司,133173940630
488,2889,國票金融控股股份有限公司,28964816950
489,2890,永豐金融控股股份有限公司,112810541060
490,2891,中國信託金融控股股份有限公司,199969795690
491,2892,第一金融控股股份有限公司,128358010780
492,2897,王道商業銀行股份有限公司,30330063010
493,2901,欣欣大眾市場股份有限公司,730432830
494,2903,遠東百貨股份有限公司,14169405890
495,2904,匯僑股份有限公司,690344320
496,2905,三商投資控股股份有限公司,9093509560
497,2906,高林實業股份有限公司,2091110930
498,2908,特力股份有限公司,5098875580
499,2910,統領百貨股份有限公司,2087250000
500,2911,麗嬰房股份有限公司,1846777750
501,2912,統一超商股份有限公司,10396222550
502,2913,台灣農林股份有限公司,7900000000
503,2915,潤泰全球股份有限公司,5648605940
504,2923,鼎固控股有限公司,17402969820
505,2929,淘帝國際控股有限公司,1094938380
506,2936,客思達股份有限公司,760556960
507,2939,凱羿國際集團股份有限公司,455486650
508,3002,歐格電子工業股份有限公司,1020000000
509,3003,健和興端子股份有限公司,1556548900
510,3004,豐達科技股份有限公司(原宏達),526471550
511,3005,神基科技股份有限公司,5920989000
512,3006,晶豪科技股份有限公司,2860998960
513,3008,大立光電股份有限公司,1341401970
514,3010,華立企業股份有限公司,2313901380
515,3011,今皓實業股份有限公司,1127192510
516,3013,晟銘電子科技股份有限公司,1559350180
517,3014,聯陽半導體股份有限公司,1610801240
518,3015,全漢企業股份有限公司,1872619500
519,3016,嘉晶電子股份有限公司,2800687900
520,3017,奇鋐科技股份有限公司,3533101570
521,3018,同開科技工程股份有限公司,731471320
522,3019,亞洲光學股份有限公司,2810839010
523,3021,鴻名企業股份有限公司,940000000
524,3022,威強電工業電腦股份有限公司,1765977900
525,3023,信邦電子股份有限公司,2329370720
526,3024,憶聲電子股份有限公司,2771574960
527,3025,星通資訊股份有限公司,709205500
528,3026,禾伸堂企業股份有限公司,1579907790
529,3027,盛達電業股份有限公司,988563110
530,3028,增你強股份有限公司,2138248640
531,3029,零壹科技股份有限公司,1263292120
532,3030,德律科技股份有限公司,2362160000
533,3031,佰鴻工業股份有限公司,1816742240
534,3032,偉訓科技股份有限公司,1132856260
535,3033,威健實業股份有限公司,3677512420
536,3034,聯詠科技股份有限公司,6085114690
537,3035,智原科技股份有限公司,2485503130
538,3036,文曄科技股份有限公司,9262768500
539,3037,欣興電子股份有限公司,15047323330
540,3038,全台晶像股份有限公司,1624076030
541,3040,遠見科技股份有限公司,630000000
542,3041,揚智科技股份有限公司,1938697460
543,3042,台灣晶技股份有限公司,3097570400
544,3043,科風股份有限公司,1948781660
545,3044,健鼎科技股份有限公司,5256058980
546,3045,台灣大哥大股份有限公司,35124214610
547,3046,建碁股份有限公司,714480130
548,3047,訊舟科技股份有限公司,1893702330
549,3048,益登科技股份有限公司,2225725400
550,3049,和鑫光電股份有限公司,8069485290
551,3050,鈺德科技股份有限公司,1459844500
552,3051,力特光電科技股份有限公司,3253323960
553,3052,夆典科技開發股份有限公司,2287135540
554,3054,立萬利創新股份有限公司,834110410
555,3055,蔚華科技股份有限公司,1024419180
556,3056,總太地產開發股份有限公司,2107907080
557,3057,喬鼎資訊股份有限公司,893288080
558,3058,立德電子股份有限公司,1619373510
559,3059,華晶科技股份有限公司,2793145250
560,3060,銘異科技股份有限公司,1375631900
561,3062,建漢科技股份有限公司,3286054180
562,3090,日電貿股份有限公司,1786571500
563,3092,鴻碩精密電工股份有限公司,899081350
564,3094,聯傑國際股份有限公司,846320890
565,3130,一零四資訊科技股份有限公司,331907000
566,3138,耀登科技股份有限公司,465956630
567,3149,正達國際光電股份有限公司,2063936040
568,3164,景岳生物科技股份有限公司,863413640
569,3167,大量科技股份有限公司,801341160
570,3189,景碩科技股份有限公司,4508440600
571,3209,全科科技股份有限公司,1891813060
572,3229,晟鈦股份有限公司,935158810
573,3231,緯創資通股份有限公司,29036120500
574,3257,虹冠電子工業股份有限公司,727389910
575,3266,昇陽建設企業股份有限公司,3523143090
576,3296,勝德國際研發股份有限公司,967244500
577,3305,昇貿科技股份有限公司,1195435720
578,3308,聯德電子股份有限公司,985696630
579,3311,閎暉實業股份有限公司,680000000
580,3312,弘憶國際股份有限公司,1251140500
581,3321,同泰電子科技股份有限公司,1561448250
582,3338,泰碩電子股份有限公司,878771410
583,3346,麗清科技股份有限公司,924197700
584,3356,奇偶科技股份有限公司,898257030
585,3376,新日興股份有限公司,1924053460
586,3380,明泰科技股份有限公司,5417184600
587,3383,新世紀光電股份有限公司,700000000
588,3406,玉晶光電股份有限公司,1118820630
589,3413,京鼎精密科技股份有限公司,876714140
590,3416,融程電訊股份有限公司,724759470
591,3419,譁裕實業股份有限公司,1204804170
592,3432,台端興業股份有限公司,665860000
593,3437,榮創能源科技股份有限公司,1445480000
594,3443,創意電子股份有限公司,1340119110
595,3450,聯鈞光電股份有限公司,1456813820
596,3454,晶睿通訊股份有限公司,869573930
597,3481,群創光電股份有限公司,102483195990
598,3494,誠研科技股份有限公司,1794506340
599,3501,維熹科技股份有限公司,1182579270
600,3504,揚明光學股份有限公司,1140597850
601,3515,華擎科技股份有限公司,1206424290
602,3518,柏騰科技股份有限公司,807522300
603,3528,安馳科技股份有限公司,656159660
604,3530,晶相光電股份有限公司,781109000
605,3532,台塑勝高科技股份有限公司,3878483000
606,3533,嘉澤端子工業股份有限公司,1034779000
607,3535,晶彩科技股份有限公司,790523560
608,3536,誠創科技股份有限公司,1068000000
609,3543,州巧科技股份有限公司,892631500
610,3545,敦泰電子股份有限公司,2162769420
611,3550,聯穎科技股份有限公司,850000000
612,3557,嘉威生活股份有限公司,723004150
613,3563,牧德科技股份有限公司,447282340
614,3576,聯合再生能源股份有限公司,15079002650
615,3583,辛耘企業股份有限公司,811390000
616,3588,通嘉科技股份有限公司,477742000
617,3591,艾笛森光電股份有限公司,1225563790
618,3593,力銘科技股份有限公司,930424160
619,3596,智易科技股份有限公司,2084244800
620,3605,宏致電子股份有限公司,1223958840
621,3607,谷崧精密工業股份有限公司,1216622390
622,3617,碩天科技股份有限公司,809510000
623,3622,洋華光電股份有限公司,1513276000
624,3645,達邁科技股份有限公司,1307598940
625,3653,健策精密工業股份有限公司,1222254020
626,3661,世芯電子股份有限公司,704503180
627,3665,貿聯控股(BizLink Holding Inc.),1336362950
628,3669,圓展科技股份有限公司,929199500
629,3673,"TPK Holding Co., Ltd.",4066637590
630,3679,新至陞科技股份有限公司,625612290
631,3682,亞太電信股份有限公司,38171963990
632,3686,達能科技股份有限公司,1135136430
633,3694,海華科技股份有限公司,1504418080
634,3701,大眾全球投資控股股份有限公司,1903445540
635,3702,大聯大投資控股股份有限公司,18790568330
636,3703,欣陸投資控股股份有限公司,8232159800
637,3704,合勤投資控股股份有限公司,4483478550
638,3705,永信國際投資控股股份有限公司,2664229830
639,3706,神達投資控股股份有限公司,12065567890
640,3708,上緯國際投資控股股份有限公司,935046040
641,3711,日月光投資控股股份有限公司,43794280320
642,3712,永崴投資控股股份有限公司,2462421460
643,3714,富采投資控股股份有限公司,6852514600
644,4104,佳醫健康事業股份有限公司,1411489700
645,4106,雃博股份有限公司,1009115570
646,4108,懷特生技新藥股份有限公司,1986188790
647,4119,旭富製藥科技股份有限公司,794853100
648,4133,亞諾法生技股份有限公司,605535940
649,4137,麗豐股份有限公司,794923500
650,4141,龍燈環球農業科技有限公司,1750753260
651,4142,國光生物科技股份有限公司,4295077500
652,4148,全宇生技控股有限公司,640340010
653,4155,訊映光電股份有限公司,949336510
654,4164,承業生醫投資控股股份有限公司,1570673550
655,4190,佐登妮絲集團股份有限公司,609147000
656,4306,炎洲股份有限公司,5759043670
657,4414,如興股份有限公司,8189149490
658,4426,利勤實業股份有限公司,1726771980
659,4438,廣越企業股份有限公司,1033752920
660,4439,冠星集團控股有限公司,315000000
661,4526,東台精機股份有限公司,2548264610
662,4532,瑞智精密股份有限公司,5049151050
663,4536,拓凱實業股份有限公司,908200000
664,4540,全球傳動科技股份有限公司,941780000
665,4545,銘鈺精密工業股份有限公司,770000000
666,4551,智伸科技股份有限公司,1152224980
667,4552,力達控股有限公司,1160000000
668,4555,台灣氣立股份有限公司,669926170
669,4557,永新控股股份有限公司,398080000
670,4560,強信機械科技股份有限公司,681629900
671,4562,穎漢科技股份有限公司,675460000
672,4564,元翎精密工業股份有限公司,1827883030
673,4566,時碩工業股份有限公司,715162330
674,4571,鈞興機電國際股份有限公司,483920000
675,4572,駐龍精密機械股份有限公司,358000000
676,4576,大銀微系統股份有限公司,1186156910
677,4581,World Known MFG(Cayman)Limited,338990000
678,4720,德淵企業股份有限公司,909785900
679,4722,國精化學股份有限公司,1000091590
680,4737,華廣生技股份有限公司,619632940
681,4739,康普材料科技股份有限公司,1030292690
682,4746,台耀化學股份有限公司,1083125500
683,4755,三福化工股份有限公司,1007060000
684,4763,濟南大自然新材料股份有限公司,585756050
685,4764,雙鍵化工股份有限公司,754206150
686,4766,南寶樹脂化學工廠股份有限公司,1205707800
687,4807,日成控股股份有限公司,383860000
688,4904,遠傳電信股份有限公司,32585008100
689,4906,正文科技股份有限公司,3629215470
690,4912,聯德控股股份有限公司,543769800
691,4915,致伸科技股份有限公司,4515183240
692,4916,事欣科技股份有限公司,834515680
693,4919,新唐科技股份有限公司,3906736460
694,4927,泰鼎國際股份有限公司,1899379880
695,4930,燦星網通股份有限公司,1343000000
696,4934,太極能源科技股份有限公司,2000000000
697,4935,茂林光電科技(開曼)股份有限公司,1309370910
698,4938,和碩聯合科技股份有限公司,26627876560
699,4942,嘉彰股份有限公司,1423676130
700,4943,開曼康而富控股股份有限公司,1572005820
701,4952,凌通科技股份有限公司,1088158160
702,4956,光鋐科技股份有限公司,1004082360
703,4958,臻鼎科技控股股份有限公司,9470491610
704,4960,誠美材料科技股份有限公司,6657285000
705,4961,天鈺科技股份有限公司,1665579120
706,4967,十銓科技股份有限公司,744865350
707,4968,立積電子股份有限公司,631920780
708,4976,佳凌科技股份有限公司,1188070000
709,4977,眾達科技股份有限公司,686898410
710,4989,李長榮科技股份有限公司,1530850000
711,4994,傳奇網路遊戲股份有限公司,1106390000
712,4999,鑫禾科技股份有限公司,744172000
713,5007,三星科技股份有限公司,2949401540
714,5203,訊連科技股份有限公司,787933000
715,5215,科嘉(開曼)股份有限公司,643375000
716,5225,東科控股股份有限公司,614180000
717,5234,達興材料股份有限公司,1027159110
718,5243,乙盛精密工業股份有限公司,1685289150
719,5258,虹堡科技股份有限公司,895425790
720,5269,祥碩科技股份有限公司,692206410
721,5283,禾聯碩股份有限公司,730004250
722,5284,經寶精密控股股份有限公司,436646080
723,5285,界霖科技股份有限公司,940892590
724,5288,開曼商豐祥控股股份有限公司,658261530
725,5388,中磊電子股份有限公司,2517747670
726,5434,崇越科技股份有限公司,1816995670
727,5469,瀚宇博德股份有限公司,5284413520
728,5471,松翰科技股份有限公司,1678770620
729,5484,慧友電子股份有限公司,681150930
730,5515,建國工程股份有限公司,2574401050
731,5519,隆大營建事業股份有限公司,2191971800
732,5521,工信工程股份有限公司,4475274130
733,5522,遠雄建設事業股份有限公司,7815962410
734,5525,順天建設股份有限公司,2645912660
735,5531,鄉林建設事業股份有限公司,9775892450
736,5533,皇鼎建設開發股份有限公司,2852449440
737,5534,長虹建設股份有限公司,2903259600
738,5538,開曼東明控股股份有限公司,1682678570
739,5546,永固集團股份有限公司,823395520
740,5607,遠雄自貿港投資控股股份有限公司,2299791000
741,5608,四維航業股份有限公司,2792670900
742,5706,鳳凰國際旅行社股份有限公司,671173170
743,5871,中租控股股份有限公司,15313280310
744,5876,上海商業儲蓄銀行股份有限公司,44816031400
745,5880,合作金庫金融控股股份有限公司,133342237260
746,5906,台南生活(開曼)股份有限公司,300000000
747,5907,Grand Ocean RetailGroupLimited,1955310000
748,6005,群益金鼎證券股份有限公司,21709080970
749,6024,群益期貨股份有限公司,2104375840
750,6108,競國實業股份有限公司,1598993110
751,6112,聚碩科技股份有限公司,1883573360
752,6115,鎰勝工業股份有限公司,1876621540
753,6116,瀚宇彩晶股份有限公司,30271868510
754,6117,迎廣科技股份有限公司,886500000
755,6120,達運精密工業股份有限公司,6655551140
756,6128,上福全球科技股份有限公司,1275887400
757,6133,金橋科技股份有限公司,1170062940
758,6136,富爾特科技股份有限公司,1155364120
759,6139,亞翔工程股份有限公司,2255409290
760,6141,柏承科技股份有限公司,1289144500
761,6142,友勁科技股份有限公司,3307792150
762,6152,百一電子股份有限公司,1677384630
763,6153,嘉聯益科技股份有限公司,5561776940
764,6155,鈞寶電子工業股份有限公司,868426570
765,6164,華興電子工業股份有限公司,1000002390
766,6165,浪凡網路科技股份有限公司,532424030
767,6166,凌華科技股份有限公司,2174972570
768,6168,宏齊科技股份有限公司,2060698010
769,6172,互億科技股份有限公司,300000000
770,6176,瑞儀光電股份有限公司,4650272630
771,6177,達麗建設事業股份有限公司,3803045250
772,6183,關貿網路股份有限公司,1500000000
773,6184,大豐有線電視股份有限公司,1582306570
774,6189,豐藝電子股份有限公司,1791260390
775,6191,精成科技股份有限公司,5155469030
776,6192,巨路國際股份有限公司,1068397450
777,6196,帆宣系統科技股份有限公司,1873382000
778,6197,佳必琪國際股份有限公司,1220858820
779,6201,亞弘電科技股份有限公司,892000000
780,6202,盛群半導體股份有限公司,2261682000
781,6205,詮欣股份有限公司,720290220
782,6206,飛捷科技股份有限公司,1430623240
783,6209,今國光學工業股份有限公司,1631469310
784,6213,聯茂電子股份有限公司,3329572180
785,6214,精誠資訊股份有限公司,2693933040
786,6215,和椿科技股份有限公司,827896930
787,6216,居易科技股份有限公司,864908870
788,6224,聚鼎科技股份有限公司,847018380
789,6225,天瀚科技股份有限公司,437236550
790,6226,光鼎電子股份有限公司,1149517890
791,6230,尼得科超眾科技股份有限公司,863433960
792,6235,華孚科技股份有限公司,1701424560
793,6239,力成科技股份有限公司,7791466340
794,6243,迅杰科技股份有限公司,749766930
795,6251,定穎電子股份有限公司,2775140320
796,6257,矽格股份有限公司,4426113340
797,6269,台郡科技股份有限公司,3612025590
798,6271,同欣電子工業股份有限公司,1787082820
799,6277,宏正自動科技股份有限公司,1194711660
800,6278,台灣表面黏著科技股份有限公司,2923983530
801,6281,全國電子股份有限公司,991729450
802,6282,康舒科技股份有限公司,5166212950
803,6283,淳安電子股份有限公司,1479073430
804,6285,啟碁科技股份有限公司,3974143020
805,6288,聯嘉光電股份有限公司,1826840700
806,6289,華上光電股份有限公司,1047781360
807,6405,悅城科技股份有限公司,658000000
808,6409,旭隼科技股份有限公司,874193670
809,6412,群光電能科技股份有限公司,3921471840
810,6414,樺漢科技股份有限公司,968120190
811,6415,矽力杰股份有限公司,935310050
812,6416,瑞祺電通股份有限公司,731273560
813,6426,統新光訊股份有限公司,385090000
814,6431,光麗光電科技股份有限公司,504428350
815,6438,迅得機械股份有限公司,623456800
816,6442,光紅建聖股份有限公司,693000000
817,6443,元晶太陽能科技股份有限公司,4457967300
818,6449,鈺邦科技股份有限公司,889535140
819,6451,訊芯科技控股股份有限公司,1074648000
820,6456,GIS Holding Limited,3379398000
821,6464,台灣數位光訊科技股份有限公司,1246986000
822,6477,安集科技股份有限公司,1141820790
823,6491,晶碩光學股份有限公司,700000000
824,6504,南六企業股份有限公司,726000000
825,6505,台塑石化股份有限公司,95259596520
826,6515,穎崴科技股份有限公司,338410000
827,6525,捷敏股份有限公司,1290473840
828,6531,愛普科技股份有限公司,743326230
829,6533,晶心科技股份有限公司,426509110
830,6541,泰福生技股份有限公司,3120047010
831,6552,易華電子股份有限公司,830000000
832,6558,興能高科技股份有限公司,868812500
833,6573,虹揚發展科技股份有限公司,804993450
834,6579,研揚科技股份有限公司,1484984680
835,6581,台灣鋼聯股份有限公司,1112708870
836,6582,申豐特用應材股份有限公司,1061741410
837,6591,動力科技股份有限公司,320979270
838,6592,和潤企業股份有限公司,5150004070
839,6598,Applied BioCode Corporation,816972180
840,6605,帝寶工業股份有限公司,1658163970
841,6625,必應創造股份有限公司,448734440
842,6641,基士德科技股份有限公司,340000000
843,6655,科定企業股份有限公司,739685000
844,6666,羅麗芬控股股份有限公司,473880000
845,6668,中揚光電股份有限公司,683309280
846,6669,緯穎科技服務股份有限公司,1748407910
847,6670,復盛應用科技股份有限公司,1310300000
848,6671,三能集團控股股份有限公司,607500000
849,6672,騰輝電子國際集團股份有限公司,714543450
850,6674,鋐寶科技股份有限公司,669703910
851,6698,旭暉應用材料股份有限公司,663897530
852,6706,惠特科技股份有限公司,721779350
853,6715,嘉基科技股份有限公司,570000000
854,6743,安普新股份有限公司,1220000000
855,6754,匯僑室內裝修設計股份有限公司,660000000
856,6756,威鋒電子股份有限公司,675000000
857,6768,志強國際企業股份有限公司,1960456170
858,6776,展碁國際股份有限公司,815814300
859,6781,"AES Holding Co., Ltd.",854187800
860,8011,台通光電股份有限公司,1476424170
861,8016,矽創電子股份有限公司,1201368760
862,8021,尖點科技股份有限公司,1421804670
863,8028,昇陽國際半導體股份有限公司,1324080000
864,8033,雷虎科技股份有限公司,1126297750
865,8039,台虹科技股份有限公司,2091196920
866,8046,南亞電路板股份有限公司,6461654870
867,8070,長華電材股份有限公司,679288696
868,8072,陞泰科技股份有限公司,800000000
869,8081,致新科技股份有限公司,861720720
870,8101,華冠通訊股份有限公司,2080887950
871,8103,瀚荃股份有限公司,789534130
872,8104,錸寶科技股份有限公司,678919510
873,8105,凌巨科技股份有限公司,4415448510
874,8110,華東科技股份有限公司,5217218760
875,8112,至上電子股份有限公司,4284964730
876,8114,振樺電子股份有限公司,1060749190
877,8131,福懋科技股份有限公司,4422222230
878,8150,南茂科技股份有限公司,7272401260
879,8163,達方電子股份有限公司,2800000010
880,8201,無敵科技股份有限公司,623662750
881,8210,勤誠興業股份有限公司,1208609500
882,8213,志超科技股份有限公司,2712424880
883,8215,明基材料股份有限公司,3206745140
884,8222,寶一科技股份有限公司,685735000
885,8249,菱光科技股份有限公司,1270550000
886,8261,富鼎先進電子股份有限公司,813404930
887,8271,宇瞻科技股份有限公司,1018243460
888,8341,日友環保科技股份有限公司,1115000000
889,8367,建新國際股份有限公司,811319380
890,8374,羅昇企業股份有限公司,1122504870
891,8404,百和興業股份有限公司(開曼),3151781260
892,8411,福貞控股股份有限公司,1753981850
893,8422,可寧衛股份有限公司,1088880000
894,8427,基勝（開曼）控股股份有限公司,1042610000
895,8429,金麗集團控股有限公司,1857471510
896,8442,威宏控股股份有限公司,599996820
897,8443,阿瘦實業股份有限公司,668000000
898,8454,富邦媒體科技股份有限公司,1400585000
899,8462,柏文健康事業股份有限公司,737189800
900,8463,潤泰精密材料股份有限公司,1500000000
901,8464,億豐綜合工業股份有限公司,2930202000
902,8466,美吉吉國際股份有限公司,660590000
903,8467,波力環球企業股份有限公司,495340000
904,8473,山林水環境工程股份有限公司,1348122970
905,8478,東哥企業股份有限公司,908862760
906,8480,泰昇國際(控股)有限公司,392700000
907,8481,政伸企業股份有限公司,666018660
908,8482,商億全球控股有限公司,1104440000
909,8488,吉源控股股份有限公司,675000000
910,8499,鼎炫投資控股股份有限公司,518553080
911,8926,台灣汽電共生股份有限公司,5890485950
912,8940,新天地國際實業股份有限公司,674910320
913,8996,高力熱處理工業股份有限公司,893840800
914,9103,美德向邦醫療國際股份有限公司,827042000
915,910322,康師傅控股有限公司,916513457
916,9105,泰金寶科技股份有限公司,4400993848
917,910861,神州數碼控股有限公司,644726418
918,9110,越南製造加工出口控股有限公司,38168000
919,911608,明輝環球企業有限公司,526896000
920,911616,杜康控股有限公司,1114306448
921,911622,聚亨企業集團(泰國)大眾有限公司,5580795712
922,911868,同方友友控股有限公司,356242582
923,912000,晨訊科技集團有限公司,1063575000
924,912398,友佳國際控股有限公司,19067544
925,9136,巨騰國際控股有限公司,440764000
926,9188,精熙國際(開曼)有限公司,31662604
927,9802,鈺齊國際股份有限公司,1861950380
928,9902,台火開發股份有限公司,980496000
929,9904,寶成工業股份有限公司,29467872130
930,9905,大華金屬工業股份有限公司,3050000000
931,9906,欣巴巴事業股份有限公司,833439810
932,9907,統一實業股份有限公司,15791453420
933,9908,大台北區瓦斯股份有限公司,5163580000
934,9910,豐泰企業股份有限公司,8816810990
935,9911,台灣櫻花股份有限公司,2211211880
936,9912,偉聯科技股份有限公司,546245690
937,9914,美利達工業股份有限公司,2989838000
938,9917,中興保全科技股份有限公司,4511970930
939,9918,欣欣天然氣股份有限公司,1805374530
940,9919,康那香企業股份有限公司,1953627500
941,9921,巨大機械工業股份有限公司,3750646260
942,9924,台灣福興工業股份有限公司,1884521700
943,9925,台灣新光保全股份有限公司,3874896050
944,9926,新海瓦斯股份有限公司,1795040750
945,9927,泰銘實業股份有限公司,2091481670
946,9928,中國電視事業股份有限公司,1507245830
947,9929,秋雨創新股份有限公司,1012800000
948,9930,中聯資源股份有限公司,2485403680
949,9931,欣高石油氣股份有限公司,1104305530
950,9933,中鼎工程股份有限公司,7633746810
951,9934,成霖企業股份有限公司,3581639620
952,9935,慶豐富實業股份有限公司,1696233420
953,9937,全國加油站股份有限公司,3090430000
954,9938,台灣百和工業股份有限公司,2979639020
955,9939,宏全國際股份有限公司,2877858790
956,9940,信義房屋股份有限公司,7368465000
957,9941,裕融企業股份有限公司,4323013370
958,9942,茂順密封元件科技股份有限公司,831613200
959,9943,好樂迪股份有限公司,1473176000
960,9944,新麗企業股份有限公司,1091071000
961,9945,潤泰創新國際股份有限公司,15048809980
962,9946,三發地產股份有限公司(原:金革),3110039530
963,9955,佳龍科技工程股份有限公司,1032082290
964,9958,世紀鋼鐵結構股份有限公司,2301021400
0,1240,茂生農經股份有限公司,350097000
1,1258,其祥生物科技控股有限公司,368197910
2,1259,安心食品服務股份有限公司,323895000
3,1264,德麥食品股份有限公司,336959700
4,1268,漢來美食股份有限公司,377237300
5,1336,台翰精密科技股份有限公司,770984190
6,1565,精華光學股份有限公司,504165160
7,1569,濱川企業股份有限公司,1206783870
8,1570,力肯實業股份有限公司,515008390
9,1580,新麥企業股份有限公司,502302420
10,1584,精剛精密科技股份有限公司,1224705330
11,1586,和勤精機股份有限公司,841572250
12,1591,英屬開曼群島商駿吉控股(股)公司,331648070
13,1593,祺驊股份有限公司,352178990
14,1595,川寶科技股份有限公司,471481340
15,1599,宏佳騰動力科技股份有限公司,754997640
16,1742,台灣蠟品股份有限公司,715500000
17,1752,南光化學製藥股份有限公司,1009884720
18,1777,生泰合成工業股份有限公司,300595500
19,1781,合世生醫科技股份有限公司,474076050
20,1784,訊聯生物科技股份有限公司,496269240
21,1785,光洋應用材料科技股份有限公司,5919312430
22,1788,杏昌生技股份有限公司,387579860
23,1796,金穎生物科技股份有限公司,400173910
24,1799,易威生醫科技股份有限公司,1393796780
25,1813,寶利徠光學科技股份有限公司,466355100
26,1815,富喬工業股份有限公司,4178964980
27,2035,唐榮鐵工廠股份有限公司,3500000000
28,2061,風青實業股份有限公司,469287580
29,2063,世鎧精密股份有限公司,450000000
30,2064,晉椿工業股份有限公司,696300000
31,2065,世豐螺絲股份有限公司,453235000
32,2066,世德工業股份有限公司,365028700
33,2067,嘉鋼精密工業股份有限公司,451381770
34,2070,精湛光學科技股份有限公司,357828000
35,2221,大甲永和機械工業股份有限公司,423250000
36,2230,泰茂實業股份有限公司,399131940
37,2235,謚源實業股份有限公司,358780000
38,2596,綠意開發股份有限公司,1000000000
39,2640,台灣大車隊股份有限公司,564428150
40,2641,正德海運股份有限公司,1526358880
41,2643,捷迅股份有限公司,300000000
42,2718,晶悅國際飯店股份有限公司,725760000
43,2719,燦星國際旅行社股份有限公司,340721000
44,2724,富驛酒店集團有限公司,793126900
45,2726,雅茗天地股份有限公司,365544120
46,2729,瓦城泰統股份有限公司,232663330
47,2732,六角國際事業股份有限公司,434043770
48,2734,易飛網國際旅行社股份有限公司,302597600
49,2736,高野大飯店股份有限公司,489923830
50,2740,天蔥國際股份有限公司,131854840
51,2743,山富國際旅行社股份有限公司,320317000
52,2745,五福旅行社股份有限公司,293085260
53,2752,豆府股份有限公司,230199840
54,2754,亞洲藏壽司股份有限公司,458360000
55,2755,揚秦國際企業股份有限公司,200000000
56,2916,滿心企業股份有限公司,546268780
57,2924,開曼東凌股份有限公司,328051740
58,2926,誠品生活股份有限公司,473896500
59,2928,紅馬集團股份有限公司,473011540
60,2937,集雅社股份有限公司,328600000
61,3064,泰偉電子股份有限公司,267384250
62,3066,李洲科技股份有限公司,830706120
63,3067,全域股份有限公司,290252400
64,3071,協禧電機股份有限公司,1100000000
65,3073,天方能源科技股份有限公司,170995560
66,3078,僑威科技股份有限公司,2273910640
67,3081,聯亞光電工業股份有限公司,913691770
68,3083,中華網龍股份有限公司,861163580
69,3085,創新新零售股份有限公司,480385770
70,3086,華義國際數位娛樂股份有限公司,193694000
71,3088,艾訊股份有限公司,834499270
72,3089,元炬科研股份有限公司,601133140
73,3093,台灣港建股份有限公司,362888940
74,3095,及成企業股份有限公司,1092763210
75,3105,穩懋半導體股份有限公司,4240413840
76,3114,好德科技股份有限公司,590800000
77,3115,寶島極光股份有限公司,436976000
78,3118,進階生物科技股份有限公司,324528600
79,3122,笙泉科技股份有限公司,382999340
80,3128,昇銳電子股份有限公司,420000000
81,3131,弘塑科技股份有限公司,292160150
82,3141,晶宏半導體股份有限公司,655305230
83,3144,新揚科技股份有限公司,1006377500
84,3147,大綜電腦系統股份有限公司,340060990
85,3152,璟德電子工業股份有限公司,690162000
86,3162,精確實業股份有限公司,765313420
87,3163,波若威科技股份有限公司,752868990
88,3169,亞信電子股份有限公司,621969810
89,3171,新洲全球股份有限公司,667035150
90,3176,基亞生物科技股份有限公司,1390985050
91,3178,公準精密工業股份有限公司,450500000
92,3188,鑫龍騰開發股份有限公司,1202951200
93,3191,和進電子股份有限公司,571947610
94,3202,樺晟電子股份有限公司,1171648700
95,3205,佰研生化科技股份有限公司,327726310
96,3206,志豐電子股份有限公司,539166210
97,3207,耀勝電子股份有限公司,437703410
98,3211,順達科技股份有限公司,1474805210
99,3213,茂訊電腦股份有限公司,586855470
100,3217,優群科技股份有限公司,901042030
101,3218,大學光學科技股份有限公司,761230000
102,3219,倚強科技股份有限公司,702839680
103,3221,台灣嘉碩科技股份有限公司,1029004100
104,3224,三顧股份有限公司,580160450
105,3226,至寶光電股份有限公司,644305730
106,3227,原相科技股份有限公司,1419650780
107,3228,金麗科技股份有限公司,677927050
108,3230,錦明實業股份有限公司,590109000
109,3232,昱捷股份有限公司,365678650
110,3234,光環科技股份有限公司,764746920
111,3236,千如電機工業股份有限公司,929208960
112,3252,海灣國際開發(股)公司,501957540
113,3259,鑫創科技股份有限公司,646876420
114,3260,威剛科技股份有限公司,2537916070
115,3264,欣銓科技股份有限公司,4901700760
116,3265,台星科股份有限公司,1362616590
117,3268,海德威電子工業股份有限公司,334262720
118,3272,東碩資訊股份有限公司,546143020
119,3276,宇環科技股份有限公司,697126660
120,3284,太普高精密影像股份有限公司,559617900
121,3285,微端科技股份有限公司,427353240
122,3287,廣寰科技股份有限公司,439704830
123,3288,點晶科技股份有限公司,226600600
124,3289,宜特科技股份有限公司,935751210
125,3290,東浦精密光電股份有限公司,995489260
126,3293,鈊象電子股份有限公司,704503900
127,3294,英濟股份有限公司,1320159190
128,3297,杭特電子股份有限公司,368394450
129,3303,岱稜科技股份有限公司,960896070
130,3306,鼎天國際股份有限公司,506077020
131,3310,佳穎精密企業股份有限公司,502604670
132,3313,斐成企業股份有限公司,987707760
133,3317,尼克森微電子股份有限公司,612515500
134,3322,建舜電子製造股份有限公司,966515200
135,3323,加百裕工業股份有限公司,803059140
136,3324,雙鴻科技股份有限公司,883940920
137,3325,旭品科技股份有限公司,846345790
138,3332,幸康電子股份有限公司,481042460
139,3339,泰谷光電科技股份有限公司,432816490
140,3354,律勝科技股份有限公司,701124260
141,3357,西北臺慶科技股份有限公司,1031340000
142,3360,尚立股份有限公司,687070540
143,3362,先進光電科技股份有限公司,1315458800
144,3363,上詮光纖通信股份有限公司,870739320
145,3372,台灣典範半導體股份有限公司,1721000000
146,3373,熱映光電股份有限公司,432898010
147,3374,精材科技股份有限公司,2713643160
148,3379,彬台科技股份有限公司,380417480
149,3388,崇越電通股份有限公司,740610000
150,3390,旭軟電子科技股份有限公司,675050590
151,3402,漢科系統科技股份有限公司,730476920
152,3426,台興電子企業股份有限公司,264000000
153,3434,哲固資訊科技股份有限公司,227000000
154,3438,台灣類比科技股份有限公司,471658150
155,3441,聯一光電股份有限公司,400399200
156,3444,利機企業股份有限公司,391145860
157,3455,由田新技股份有限公司,614687500
158,3465,進泰電子科技股份有限公司,321603350
159,3466,致振企業股份有限公司,608875730
160,3479,安勤科技股份有限公司,701941640
161,3483,力致科技股份有限公司,706861760
162,3484,崧騰企業股份有限公司,697365570
163,3489,森寶開發股份有限公司,831306700
164,3490,單井工業股份有限公司,570064350
165,3491,昇達科技股份有限公司,621586620
166,3492,長盛科技股份有限公司,355316000
167,3498,陽程科技股份有限公司,634730080
168,3499,環天世通科技股份有限公司,549705960
169,3508,位速科技股份有限公司,1022177370
170,3511,矽瑪科技股份有限公司,799729450
171,3512,皇龍開發股份有限公司,840000000
172,3516,亞帝歐光電股份有限公司,505902160
173,3520,華盈電子股份有限公司,488467780
174,3521,鴻翊國際股份有限公司,467305750
175,3522,御頂國際股份有限公司,726000000
176,3523,迎輝科技股份有限公司,1030497800
177,3526,凡甲科技股份有限公司,547797410
178,3527,聚積科技股份有限公司,444451250
179,3529,力旺電子股份有限公司,760797420
180,3531,先益電子工業股份有限公司,611750110
181,3537,堡達實業股份有限公司,535647420
182,3540,曜越科技股份有限公司,666130440
183,3541,西柏科技股份有限公司,567871420
184,3546,宇峻奧汀科技股份有限公司,458833790
185,3548,兆利科技工業股份有限公司,601213980
186,3551,世禾科技股份有限公司,567748900
187,3552,同致電子企業股份有限公司,855929490
188,3555,重鵬生技股份有限公司,355500000
189,3556,禾瑞亞科技股份有限公司,594686750
190,3558,神準科技股份有限公司,490608810
191,3564,其陽科技股份有限公司,591231000
192,3567,逸昌科技股份有限公司,341270000
193,3570,大塚資訊科技股份有限公司,170970000
194,3577,泓格科技股份有限公司,528641770
195,3580,友威科技股份有限公司,394706570
196,3581,博磊科技股份有限公司,510060000
197,3587,閎康科技股份有限公司,623131570
198,3594,磐儀科技股份有限公司,715884990
199,3597,映興電子股份有限公司,351461500
200,3609,東林科技股份有限公司,306793870
201,3611,鼎翰科技股份有限公司,424769400
202,3615,安可光電股份有限公司,684669760
203,3623,富晶通科技股份有限公司,291859460
204,3624,光頡科技股份有限公司,1173408420
205,3625,西勝國際股份有限公司,820960020
206,3628,盈正豫順電子股份有限公司,450000000
207,3629,地心引力股份有限公司,322024550
208,3630,新鉅科技股份有限公司,1841918480
209,3631,晟楠科技股份有限公司,818209090
210,3632,研勤科技股份有限公司,408897380
211,3642,駿熠電子科技股份有限公司,403686420
212,3646,艾恩特精密工業股份有限公司,392973710
213,3652,精聯電子股份有限公司,470975000
214,3663,鑫科材料科技股份有限公司,734980570
215,3664,安瑞科技股份有限公司,511112940
216,3666,光耀科技股份有限公司,586136000
217,3672,康聯訊科技股份有限公司,322683750
218,3675,德微科技股份有限公司,444282500
219,3680,家登精密工業股份有限公司,840922330
220,3684,榮昌科技股份有限公司,245915360
221,3685,元創精密車業股份有限公司,799900000
222,3687,茂為歐買尬數位科技股份有限公司,300595720
223,3689,湧德電子股份有限公司,696758070
224,3691,碩禾電子材料股份有限公司,658834200
225,3693,營邦企業股份有限公司,384906940
226,3707,漢磊先進投資控股股份有限公司,3121877460
227,3709,鑫聯大投資控股股份有限公司,795694500
228,3710,連展投資控股股份有限公司,2072907210
229,3713,新晶投資控股股份有限公司,780900000
230,4102,永日化學工業股份有限公司,423734430
231,4105,台灣東洋藥品工業股份有限公司,2486499590
232,4107,邦特生物科技股份有限公司,692983360
233,4109,加捷生醫股份有限公司,889366810
234,4111,濟生醫藥生技股份有限公司,569829850
235,4113,聯上實業股份有限公司,2111381370
236,4114,健喬信元醫藥生技股份有限公司,2808182890
237,4116,明基三豐醫療器材股份有限公司,445660000
238,4120,友華生技醫藥股份有限公司,867471190
239,4121,優盛醫學科技股份有限公司,793167640
240,4123,晟德大藥廠股份有限公司,4592534060
241,4126,太平洋醫材股份有限公司,726000000
242,4127,天良生物科技企業股份有限公司,457600000
243,4128,中天生物科技股份有限公司,4253426500
244,4129,聯合骨科器材股份有限公司,881181440
245,4130,健亞生物科技股份有限公司,1078886380
246,4131,晶宇生物科技實業股份有限公司,482919340
247,4138,曜亞國際股份有限公司,300000000
248,4139,馬光保健控股股份有限公司,425499110
249,4147,中裕新藥股份有限公司,2522430000
250,4152,台灣微脂體股份有限公司,841549340
251,4153,鈺緯科技開發股份有限公司,617590890
252,4154,康樂股份有限公司,303155000
253,4157,太景醫藥研發控股股份有限公司,20910392
254,4160,創源生物科技股份有限公司,242470160
255,4161,聿新生物科技股份有限公司,526597360
256,4162,智擎生技製藥股份有限公司,1465968400
257,4163,鐿鈦科技股份有限公司,482901430
258,4167,松瑞製藥股份有限公司,3006861070
259,4168,台灣醣聯生技醫藥股份有限公司,975078100
260,4171,瑞基海洋生物科技股份有限公司,405900000
261,4173,久裕企業股份有限公司,745743550
262,4174,台灣浩鼎生技股份有限公司,1992793740
263,4175,杏一醫療用品股份有限公司,316123750
264,4183,福永生物科技股份有限公司,238000000
265,4188,安克生醫股份有限公司,532214000
266,4192,杏國新藥股份有限公司,1150770000
267,4198,欣大健康投資控股股份有限公司,655400000
268,4205,中華食品實業股份有限公司,807018420
269,4207,環泰企業股份有限公司,1620908320
270,4303,信立化學工業股份有限公司,700000000
271,4304,勝昱科技股份有限公司,360380650
272,4305,世坤塑膠股份有限公司,550140000
273,4401,東隆興業股份有限公司,1202862860
274,4402,福大材料科技股份有限公司,459918300
275,4406,新昕纖維股份有限公司,519120000
276,4413,飛寶企業股份有限公司,313146890
277,4416,三圓建設股份有限公司,603930610
278,4417,金洲海洋科技股份有限公司,839713990
279,4419,元勝國際實業股份有限公司,465789170
280,4420,光明絲織廠股份有限公司,404550000
281,4429,聚紡股份有限公司,343500000
282,4430,耀億工業股份有限公司,562736090
283,4432,銘旺實業股份有限公司,505890000
284,4433,興采實業股份有限公司,468051640
285,4502,健信科技工業股份有限公司,507506860
286,4503,金雨企業股份有限公司,392633260
287,4506,崇友實業(股)公司,1770120000
288,4510,高鋒工業股份有限公司,1080106890
289,4513,福裕事業股份有限公司,768803000
290,4523,永彰機電股份有限公司,640000000
291,4527,霖冷凍機械股份有限公司,761523700
292,4528,江興鍛壓工業股份有限公司,765142680
293,4529,淳紳股份有限公司,846388960
294,4530,宏易創新國際股份有限公司,461722760
295,4533,協易機械工業股份有限公司,1584341100
296,4534,慶騰精密科技股份有限公司,891939480
297,4535,至興精機股份有限公司,756617400
298,4538,大詠城機械股份有限公司,504560000
299,4541,晟田科技工業股份有限公司,676470680
300,4542,科嶠工業股份有限公司,282854000
301,4543,萬在工業股份有限公司,569700000
302,4549,桓達科技股份有限公司,423836850
303,4550,長佳機電工程股份有限公司,378387830
304,4554,橙的電子股份有限公司,213749000
305,4556,旭然國際股份有限公司,418840000
306,4561,健椿工業股份有限公司,585216190
307,4563,百德機械股份有限公司,549500000
308,4568,科際精密股份有限公司,302765000
309,4580,捷流閥業股份有限公司,391320000
310,4609,唐鋒實業股份有限公司,479468200
311,4702,中美聯合實業股份有限公司,723332000
312,4706,大恭化學工業股份有限公司,790300930
313,4707,磐亞股份有限公司,3023283710
314,4711,永純化學工業股份有限公司,610560000
315,4712,南璋股份有限公司,736907370
316,4714,永捷創新科技股份有限公司,1163927710
317,4716,大立高分子工業股份有限公司,751715610
318,4721,美琪瑪國際股份有限公司,749863040
319,4726,永昕生物醫藥股份有限公司,1532545000
320,4728,雙美生物科技股份有限公司,544630000
321,4729,熒茂光學股份有限公司,1022060000
322,4735,豪展醫療科技股份有限公司,377787580
323,4736,泰博科技股份有限公司,921674250
324,4741,泓瀚科技股份有限公司,328415840
325,4743,合一生技股份有限公司,3809070300
326,4744,皇將科技股份有限公司,471968970
327,4745,合富醫療控股股份有限公司,774495470
328,4747,強生化學製藥廠股份有限公司,300187500
329,4754,國碳科技股份有限公司,215753890
330,4760,勤凱科技股份有限公司,320414350
331,4767,誠泰工業科技股份有限公司,314150000
332,4803,威馳克媒體集團股份有限公司,590692310
333,4804,大略國際控股有限公司,453479200
334,4806,昇華娛樂傳播股份有限公司,451941850
335,4903,聯合光纖通信股份有限公司,902793270
336,4905,台聯電訊股份有限公司,326402650
337,4907,富宇地產股份有限公司,1181457780
338,4908,前鼎光電股份有限公司,782169070
339,4909,新復興微波通訊股份有限公司,933568640
340,4911,德英生物科技股份有限公司,556600000
341,4924,欣厚科技股份有限公司,371644090
342,4931,新盛力科技股份有限公司,629002610
343,4933,友輝光電股份有限公司,795476750
344,4939,亞洲電材股份有限公司,982008680
345,4944,兆遠科技股份有限公司,880892960
346,4945,陞達科技股份有限公司,300670000
347,4946,紅心辣椒娛樂科技股份有限公司,136603980
348,4950,牧東光電股份有限公司,462847500
349,4953,緯創軟體股份有限公司,669210880
350,4966,譜瑞科技股份有限公司,808704800
351,4971,英特磊科技股份有限公司,365181430
352,4972,湯石照明科技股份有限公司,399615530
353,4973,廣穎電通股份有限公司,635058330
354,4974,亞泰影像科技股份有限公司,725001040
355,4979,華星光通科技股份有限公司,1329302790
356,4987,科誠股份有限公司,252000000
357,4991,環宇通訊半導體控股股份有限公司,918232540
358,4995,晶達光電股份有限公司,418390360
359,5009,榮剛材料科技股份有限公司,4667359910
360,5011,久陽精密股份有限公司,755773600
361,5013,強新工業股份有限公司,1334160000
362,5014,建錩實業股份有限公司,1653330540
363,5015,華祺工業股份有限公司,606391890
364,5016,松和工業股份有限公司,496220760
365,5102,富強輪胎工廠股份有限公司,640850670
366,5201,凱衛資訊股份有限公司,306746000
367,5202,力新國際科技股份有限公司,590940000
368,5205,中茂能資系統整合科技(股)公司,82020800
369,5206,坤悅開發股份有限公司,1559250000
370,5209,新鼎系統股份有限公司,272590000
371,5210,寶碩財務科技股份有限公司,621777790
372,5211,蒙恬科技股份有限公司,320247270
373,5212,凌網科技股份有限公司,346330000
374,5213,亞昕國際開發股份有限公司,3462013520
375,5220,萬達光電科技股份有限公司,396670000
376,5223,安力國際股份有限公司,445497810
377,5227,蓋曼立凱電能科技(股)公司,920996890
378,5230,雷笛克光學股份有限公司,469558240
379,5245,智晶光電股份有限公司,449900000
380,5251,天鉞電子股份有限公司,358393770
381,5263,智崴資訊科技股份有限公司,568317970
382,5272,笙科電子股份有限公司,564241180
383,5274,信驊科技股份有限公司,343155340
384,5276,達輝股份有限公司,395000000
385,5278,尚凡國際創新科技股份有限公司,152391000
386,5281,大峽谷半導體照明系統(開曼),370100000
387,5287,數字科技股份有限公司,429385000
388,5289,宜鼎國際股份有限公司,824590400
389,5291,邑昇實業股份有限公司,391176460
390,5299,杰力科技股份有限公司,354731610
391,5301,寶得利國際股份有限公司,1045525710
392,5302,太欣半導體股份有限公司,1623770000
393,5306,桂盟國際股份有限公司,1260000000
394,5309,系統電子工業股份有限公司,1545533660
395,5310,天剛資訊股份有限公司,646012370
396,5312,寶島光學科技股份有限公司,600598980
397,5314,世紀民生科技股份有限公司,600000000
398,5315,光聯科技股份有限公司,1063518320
399,5321,友銓電子股份有限公司,349731950
400,5324,士林開發股份有限公司,1363790900
401,5328,華容股份有限公司,1727107240
402,5340,建榮工業材料股份有限公司,1948939640
403,5344,立衛科技股份有限公司,794474600
404,5345,天揚精密科技股份有限公司,475000000
405,5347,世界先進積體電路股份有限公司,16389822670
406,5348,系通科技股份有限公司,289503100
407,5351,鈺創科技股份有限公司,2677073470
408,5353,台林電通股份有限公司,750000000
409,5355,佳總興業股份有限公司,1661227920
410,5356,協益電子股份有限公司,1030400000
411,5364,力麗觀光開發股份有限公司,288499400
412,5371,中強光電股份有限公司,3909811100
413,5381,合正科技股份有限公司,1801568370
414,5383,金利精密工業股份有限公司,794003990
415,5386,青雲國際科技股份有限公司,235987220
416,5392,應華精密科技股份有限公司,1699639900
417,5398,慕康生技醫藥股份有限公司,499504600
418,5403,中菲電腦股份有限公司,626300410
419,5410,國眾電腦股份有限公司,873061230
420,5425,台灣半導體股份有限公司,2650854860
421,5426,振發實業股份有限公司,1438000000
422,5432,達威光電股份有限公司,206878040
423,5438,東友科技股份有限公司,1125365650
424,5439,高技企業股份有限公司,859757520
425,5443,均豪精密工業股份有限公司,1651361440
426,5450,南良國際股份有限公司,1223922500
427,5452,佶優科技股份有限公司,1487636690
428,5455,昇益開發股份有限公司,655018130
429,5457,宣德科技股份有限公司,1693095000
430,5460,同協電子股份有限公司,612272300
431,5464,霖宏科技股份有限公司,710714900
432,5465,富驊企業股份有限公司,1640918110
433,5468,凱鈺科技股份有限公司,278229090
434,5474,聰泰科技開發股份有限公司,337297870
435,5475,德宏工業股份有限公司,1271270170
436,5478,智冠科技股份有限公司,1274743320
437,5481,新華泰富股份有限公司,734028910
438,5483,中美矽晶製品股份有限公司,5862216510
439,5487,通泰積體電路股份有限公司,238405160
440,5488,松普科技股份有限公司,915861240
441,5489,彩富電子股份有限公司,1027064410
442,5490,同亨科技股份有限公司,962836010
443,5493,三聯科技股份有限公司,416088150
444,5498,凱崴電子股份有限公司,1693397560
445,5508,永信建設開發股份有限公司,2174281330
446,5511,德昌營造股份有限公司,1134400000
447,5512,力麒建設股份有限公司,7439927120
448,5514,三豐建設股份有限公司,1943076300
449,5516,雙喜營造股份有限公司,382950000
450,5520,力泰建設企業股份有限公司,603152450
451,5523,豐謙建設股份有限公司,1550014640
452,5529,志嘉建設股份有限公司,1240528490
453,5530,龍巖股份有限公司,4200841990
454,5536,聖暉工程科技股份有限公司,571867420
455,5543,桓鼎股份有限公司,356999960
456,5601,臺聯貨櫃通運股份有限公司,648000000
457,5603,陸海股份有限公司,783245750
458,5604,中連汽車貨運股份有限公司,1087829680
459,5609,中菲行國際物流股份有限公司,1260000000
460,5701,劍湖山世界股份有限公司,2537569570
461,5703,亞都麗緻大飯店股份有限公司,702395940
462,5704,知本老爺大酒店股份有限公司,388616580
463,5820,日盛金融控股股份有限公司,37724522810
464,5864,致和證券股份有限公司,2374904220
465,5878,台名保險經紀人股份有限公司,250243030
466,5902,德記洋行股份有限公司,945000000
467,5903,全家便利商店股份有限公司,2232200000
468,5904,寶雅國際股份有限公司,976850310
469,5905,南仁湖育樂股份有限公司,1898169570
470,6015,宏遠證券股份有限公司,3308167750
471,6016,康和綜合證券股份有限公司,5944549860
472,6020,大展證券股份有限公司,2523531540
473,6021,大慶證券股份有限公司,3098559740
474,6023,元大期貨股份有限公司,2899762880
475,6026,福邦證券股份有限公司,2842475000
476,6101,寬魚國際股份有限公司,1164223710
477,6103,合邦電子股份有限公司,894320890
478,6104,創惟科技股份有限公司,902791840
479,6109,亞元科技股份有限公司,594004140
480,6111,大宇資訊股份有限公司,630643180
481,6113,亞矽科技股份有限公司,500471000
482,6114,久威國際股份有限公司,439119370
483,6118,建達國際股份有限公司,908895730
484,6121,新普科技股份有限公司,1849705190
485,6122,擎邦國際科技工程股份有限公司,707909610
486,6123,上奇科技股份有限公司,590374300
487,6124,業強科技股份有限公司,1824799450
488,6125,廣運機械工程股份有限公司,2490111500
489,6126,信音企業股份有限公司,1268395870
490,6127,九豪精密陶瓷股份有限公司,1080797510
491,6129,普誠科技股份有限公司,1809436750
492,6130,星寶國際股份有限公司,295000000
493,6134,萬旭電業股份有限公司,725798980
494,6138,茂達電子股份有限公司,737985000
495,6140,訊達電腦股份有限公司,383679060
496,6143,振曜科技股份有限公司,830068970
497,6144,得利影視股份有限公司,382737010
498,6146,耕興股份有限公司,923965530
499,6147,頎邦科技股份有限公司,6715232170
500,6148,驊宏資通股份有限公司,470000000
501,6150,撼訊科技股份有限公司,448816290
502,6151,晉倫科技股份有限公司,552573000
503,6154,順發電腦股份有限公司,800800000
504,6156,松上電子股份有限公司,805346090
505,6158,禾昌興業股份有限公司,536519880
506,6160,欣技資訊股份有限公司,684891200
507,6161,捷波資訊股份有限公司,749833030
508,6163,華電聯網股份有限公司,1228816920
509,6167,久正光電股份有限公司,1621732210
510,6169,昱泉國際股份有限公司,233949600
511,6170,統振股份有限公司,896700380
512,6171,台灣亞銳士股份有限公司,753519210
513,6173,信昌電子陶瓷股份有限公司,1720000000
514,6174,安碁科技股份有限公司,500000000
515,6175,立敦科技(股)有限公司,1403048550
516,6179,亞通利大能源股份有限公司,741467310
517,6180,遊戲橘子數位科技股份有限公司,1754935730
518,6182,合晶科技股份有限公司,5108984360
519,6185,幃翔精密股份有限公司,1498675310
520,6186,新潤興業股份有限公司,1300344080
521,6187,萬潤科技股份有限公司,833239020
522,6188,廣明光電股份有限公司,2783589100
523,6190,萬泰科技股份有限公司,1403685370
524,6194,育富電子股份有限公司,600000000
525,6195,詩肯股份有限公司,485378130
526,6198,凌泰科技股份有限公司,226353500
527,6199,天品聯合企業股份有限公司,617600180
528,6203,海韻電子工業股份有限公司,799532770
529,6204,台灣艾華電子工業股份有限公司,231020800
530,6207,雷科股份有限公司,838735890
531,6208,日揚科技股份有限公司,1167905970
532,6210,慶生電子股份有限公司,350480000
533,6212,理銘開發股份有限公司,1020000000
534,6217,中國探針股份有限公司,655014350
535,6218,豪勉科技股份有限公司,642620000
536,6219,富旺國際開發股份有限公司,1540162760
537,6220,岳豐科技股份有限公司,1319723880
538,6221,晉泰科技股份有限公司,510324220
539,6222,上揚科技股份有限公司,405888780
540,6223,旺矽科技股份有限公司,923813720
541,6227,茂綸股份有限公司,761117860
542,6228,全譜科技股份有限公司,400000000
543,6229,研通科技股份有限公司,356407000
544,6231,系微股份有限公司,380434880
545,6233,旺玖科技股份有限公司,796098960
546,6234,高僑自動化科技股份有限公司,1003863980
547,6236,康呈生醫科技股份有限公司,316540390
548,6237,驊訊電子企業股份有限公司,798676210
549,6240,松崗數位文創股份有限公司,228673700
550,6241,易通展科技股份有限公司(原享承),237172880
551,6242,立康生醫事業股份有限公司(亨豐),222000000
552,6244,茂迪股份有限公司,3550418750
553,6245,立端科技股份有限公司,1180044380
554,6246,臺龍電子股份有限公司,371092250
555,6247,淇譽電子科技股份有限公司,603210000
556,6248,沛波鋼鐵股份有限公司,306751840
557,6259,百徽股份有限公司,155072060
558,6261,久元電子股份有限公司,1284979890
559,6263,普萊德科技股份有限公司,625009640
560,6264,富裔實業股份有限公司,1163552910
561,6265,方土昶股份有限公司,1181721510
562,6266,泰詠電子股份有限公司,989462030
563,6270,倍微科技股份有限公司,721457590
564,6274,台燿科技股份有限公司,2676431990
565,6275,元山科技工業股份有限公司,697869250
566,6276,安鈦克科技股份有限公司,314900000
567,6279,胡連精密股份有限公司,996547070
568,6284,佳邦科技股份有限公司,1401803410
569,6287,元隆電子股份有限公司,4381455900
570,6290,良維科技股份有限公司,1477661970
571,6291,沛亨半導體股份有限公司,270000000
572,6292,迅德興業股份有限公司,469007120
573,6294,智基科技開發股份有限公司,234026100
574,6404,中國通訊多媒體集團有限公司,373680000
575,6411,晶焱科技股份有限公司,911193310
576,6417,韋僑科技股份有限公司,356140000
577,6418,詠昇電子股份有限公司,345220000
578,6419,京晨科技股份有限公司,131591700
579,6425,易發精機股份有限公司,436020000
580,6432,今展科技股份有限公司,300989030
581,6435,大中積體電路股份有限公司,333130000
582,6441,廣錠科技股份有限公司,385767760
583,6446,藥華醫藥股份有限公司,2635393410
584,6457,紘康科技股份有限公司,298547920
585,6461,益得生物科技股份有限公司,1006956000
586,6462,神盾股份有限公司,707757540
587,6465,威潤科技股份有限公司,329743010
588,6469,大樹醫藥股份有限公司,540016760
589,6470,宇智網通股份有限公司,326941000
590,6472,保瑞藥業股份有限公司,541154240
591,6482,弘煜科技事業股份有限公司,171484400
592,6485,點序科技股份有限公司,393835080
593,6486,互動國際數位股份有限公司,387508620
594,6488,環球晶圓股份有限公司,4372500000
595,6492,生華生物科技股份有限公司,896636200
596,6494,九齊科技股份有限公司,315596900
597,6496,科懋生物科技股份有限公司,466670000
598,6499,益安生醫股份有限公司,665531590
599,6506,(又又)邦實業股份有限公司,823608260
600,6508,惠光股份有限公司,856701670
601,6509,聚和國際股份有限公司,1732041010
602,6510,中華精測科技股份有限公司,327890220
603,6512,啟發電子股份有限公司,250000000
604,6514,芮特科技股份有限公司,300153820
605,6516,勤崴國際科技股份有限公司,385898290
606,6523,達爾膚生醫科技股份有限公司,450476250
607,6527,明達醫學科技股份有限公司,242760000
608,6530,創威光電股份有限公司,337500000
609,6532,瑞耘科技股份有限公司,361008670
610,6535,順天醫藥生技股份有限公司,1510078250
611,6538,倉和股份有限公司,372690000
612,6542,隆中網絡股份有限公司,420006300
613,6547,高端疫苗生物製劑股份有限公司,2123220000
614,6548,長華科技股份有限公司,364131050
615,6556,勝品電通股份有限公司,287500000
616,6560,欣普羅光電股份有限公司,174928460
617,6561,是方電訊股份有限公司,704596310
618,6568,宏觀微電子股份有限公司,256763000
619,6569,醫揚科技股份有限公司,275102730
620,6570,維田科技股份有限公司,300861770
621,6574,霈方國際股份有限公司,219900000
622,6576,逸達生物科技股份有限公司,1172709300
623,6577,勁豐電子股份有限公司,382548700
624,6578,達邦蛋白股份有限公司,301194110
625,6588,東典光電科技股份有限公司,267008250
626,6589,台康生技股份有限公司,2430388560
627,6590,普鴻資訊股份有限公司,182912500
628,6593,台灣銘板股份有限公司,201709010
629,6594,展匯科技股份有限公司,204768000
630,6596,寬宏藝術經紀股份有限公司,300000000
631,6603,富強鑫精密工業股份有限公司,1487085170
632,6609,台灣瀧澤科技股份有限公司,724562460
633,6612,應用奈米醫材科技股份有限公司,339699000
634,6613,朋億股份有限公司,339280000
635,6615,慧智基因股份有限公司,212616000
636,6616,特昇國際股份有限公司,236250000
637,6624,萬年清環境工程股份有限公司,180000000
638,6629,泰金投資控股股份有限公司,356129090
639,6640,均華精密工業股份有限公司,282765000
640,6642,富致科技股份有限公司,313996620
641,6643,&#20870;星科技股份有限公司,313180000
642,6649,台灣生醫材料股份有限公司,330000000
643,6651,全宇昕科技股份有限公司,329632220
644,6654,天正國際精密機械股份有限公司,369627200
645,6661,威健股份有限公司,233042480
646,6662,樂斯科生物科技股份有限公司,256124000
647,6664,群翊工業股份有限公司,550000000
648,6667,信紘科技股份有限公司,397788780
649,6679,鈺太科技股份有限公司,421713350
650,6680,鑫創電子股份有限公司,185500000
651,6683,雍智科技股份有限公司,270756610
652,6690,安碁資訊股份有限公司,166663920
653,6697,東捷資訊服務股份有限公司,273233640
654,6703,軒郁國際股份有限公司,208000000
655,6712,長聖國際生技股份有限公司,616085000
656,6716,應廣科技股份有限公司,222940000
657,6727,亞泰金屬工業股份有限公司,210001250
658,6728,上洋產業股份有限公司,230000000
659,6732,昇佳電子股份有限公司,489126180
660,6733,博晟生醫股份有限公司,1016300000
661,6741,"91APP, Inc.",602889985
662,6747,亨泰光學股份有限公司,241890000
663,6751,智聯服務股份有限公司,130300000
664,6752,叡揚資訊股份有限公司,267000000
665,6762,達亞國際股份有限公司,207445840
666,6767,台灣微創醫療器材股份有限公司,291090000
667,6803,崑鼎投資控股股份有限公司,690839980
668,7402,邑錡股份有限公司,236693790
669,7556,意德士科技股份有限公司,213860000
670,8024,佑華微電子股份有限公司,451601000
671,8027,鈦昇科技股份有限公司,902726180
672,8032,光菱電子股份有限公司,518103000
673,8034,榮群電訊股份有限公司,628737250
674,8038,長園科技實業股份有限公司,598141900
675,8040,九暘電子股份有限公司,690710740
676,8042,臺灣金山電子工業股份有限公司,1256917950
677,8043,蜜望實企業股份有限公司,799071700
678,8044,網路家庭國際資訊股份有限公司,1182594460
679,8047,星雲電腦股份有限公司,416663430
680,8048,德勝科技股份有限公司,528869380
681,8049,晶采光電科技股份有限公司,1182798080
682,8050,廣積科技股份有限公司,1770997730
683,8054,安國國際科技股份有限公司,706228860
684,8059,凱碩科技股份有限公司,1886180000
685,8064,東捷科技股份有限公司,1648178360
686,8066,來思達國際企業股份有限公司,301523040
687,8067,志旭國際股份有限公司,300000000
688,8068,全達國際股份有限公司,686599920
689,8069,元太科技工業股份有限公司,11404677150
690,8071,能率網通股份有限公司,518542830
691,8074,鉅橡企業股份有限公司,871244660
692,8076,伍豐科技股份有限公司,2775315380
693,8077,洛碁實業股份有限公司,1097283430
694,8080,永利聯合股份有限公司,403166420
695,8083,瑞穎股份有限公司,351331930
696,8084,巨虹電子股份有限公司,695141490
697,8085,福華電子股份有限公司,1572572420
698,8086,宏捷科技股份有限公司,1997161230
699,8087,華鎂鑫科技股份有限公司,290689650
700,8088,品安科技股份有限公司,609217499
701,8089,康全電訊股份有限公司,571775270
702,8091,翔名科技股份有限公司,454503640
703,8092,建暐精密科技股份有限公司,388506160
704,8093,保銳科技股份有限公司,642084930
705,8096,擎亞電子股份有限公司,1424164290
706,8097,常珵科技股份有限公司,306743060
707,8099,大同世界科技股份有限公司,885600000
708,8107,大億金茂股份有限公司,750000000
709,8109,博大科技股份有限公司,726094040
710,8111,立碁電子工業股份有限公司,1091022230
711,8121,越峰電子材料股份有限公司,1829937430
712,8147,正淩精密工業股份有限公司,306276560
713,8155,博智電子股份有限公司,497560000
714,8171,天宇工業股份有限公司,587232300
715,8176,智捷科技股份有限公司,725000000
716,8182,加高電子股份有限公司,1070412150
717,8183,台灣精星科技股份有限公司,1212510680
718,8234,新漢股份有限公司,1412264720
719,8240,華宏新技股份有限公司,1000044140
720,8255,朋程科技股份有限公司,914830000
721,8277,商丞科技股份有限公司,916288330
722,8279,生展生物科技股份有限公司,271008510
723,8284,三竹資訊股份有限公司,463420000
724,8289,泰藝電子股份有限公司,683337650
725,8291,尚茂電子材料股份有限公司,473120000
726,8299,群聯電子股份有限公司,1970739930
727,8342,益張實業股份有限公司,335366920
728,8349,恒耀國際股份有限公司,1274951450
729,8354,冠好科技股份有限公司,785322630
730,8358,金居開發股份有限公司,2525880000
731,8383,千附實業股份有限公司,1181924820
732,8390,金益鼎企業股份有限公司,1199226600
733,8401,白紗科技印刷股份有限公司,600416800
734,8403,盛弘醫藥股份有限公司,1088817790
735,8406,"Ginko International Co., Ltd.",970729960
736,8409,商之器科技股份有限公司,280000000
737,8410,森田印刷廠股份有限公司,365892000
738,8415,大成國際鋼鐵股份有限公司,10315000000
739,8416,實威國際股份有限公司,282107100
740,8418,捷必勝控股股份有限公司,783590000
741,8420,明揚國際科技股份有限公司,509900000
742,8421,旭源包裝科技股份有限公司,548171400
743,8423,保綠資源股份有限公司,229580000
744,8424,惠普股份有限公司,360543680
745,8426,紅木集團有限公司,502425000
746,8431,匯鑽科技股份有限公司,444554820
747,8432,東生華製藥股份有限公司,383981400
748,8433,弘帆股份有限公司,520816000
749,8435,台灣鉅邁股份有限公司,317004500
750,8436,大江生醫股份有限公司,1182201690
751,8437,大地幼教股份有限公司,478510700
752,8440,綠電再生股份有限公司,380002250
753,8444,綠河股份有限公司,847668450
754,8446,華研國際音樂股份有限公司,529144050
755,8450,霹靂國際多媒體股份有限公司,513099470
756,8455,蓋曼群島商日本大拓股份有限公司,252190560
757,8472,夠麻吉股份有限公司,177358000
758,8476,台境企業股份有限公司,605103370
759,8477,創業家兄弟股份有限公司,249611140
760,8489,三貝德數位文創股份有限公司,377524140
761,8905,裕國冷凍冷藏股份有限公司,1194400000
762,8906,花王企業股份有限公司,340373700
763,8908,欣雄天然氣股份有限公司,2000780930
764,8916,光隆實業股份有限公司,1494308310
765,8917,欣泰石油氣股份有限公司,1344235200
766,8921,沈氏藝術印刷股份有限公司,465921590
767,8923,時報文化出版企業股份有限公司,303758000
768,8924,大田精密工業股份有限公司,838000000
769,8927,北基國際股份有限公司,1979662420
770,8928,鉅明股份有限公司,508540150
771,8929,富堡工業股份有限公司,505808620
772,8930,青鋼應用材料股份有限公司,817794060
773,8931,大園汽電共生股份有限公司,1222548620
774,8932,宏大拉鍊股份有限公司,600500000
775,8933,愛地雅工業股份有限公司,2932787110
776,8935,邦泰複合材料股份有限公司,843000000
777,8936,國統國際股份有限公司,2480781570
778,8937,合騏工業股份有限公司,724788000
779,8938,明安國際企業股份有限公司,1353127220
780,8941,關中股份有限公司,304104970
781,8942,森鉅科技材料股份有限公司,1658400800
782,911613,特藝石油能源有限公司,69854000
783,9949,琉園股份有限公司,470333600
784,9950,萬國通路股份有限公司,1477160000
785,9951,皇田工業股份有限公司,749000000
786,9960,邁達康網路事業股份有限公司,335925000
787,9962,有益鋼鐵股份有限公司,902202600
